timestamp,truck_id,engine_temperature,hydraulic_pressure,vibration,speed,status
2026-01-01 00:00:00,HT-01,196.52,2932.89,0.38,28.02,normal
2026-01-01 01:00:00,HT-01,189.8,3031.2,0.32,26.52,normal
2026-01-01 02:00:00,HT-01,198.75,3115.53,0.53,20.06,normal
2026-01-01 03:00:00,HT-01,199.7,3060.88,0.48,30.77,normal
2026-01-01 04:00:00,HT-01,185.24,2770.87,0.69,23.0,normal
2026-01-01 05:00:00,HT-01,188.49,3030.44,0.49,18.38,normal
2026-01-01 06:00:00,HT-01,195.64,3007.2,0.49,20.82,normal
2026-01-01 07:00:00,HT-01,193.42,3041.39,0.43,20.92,normal
2026-01-01 08:00:00,HT-01,194.92,3161.62,0.53,25.21,normal
2026-01-01 09:00:00,HT-01,190.73,2793.68,0.51,23.9,normal
2026-01-01 10:00:00,HT-01,199.4,2940.89,0.58,23.65,normal
2026-01-01 11:00:00,HT-01,198.89,3059.09,0.4,27.48,normal
2026-01-01 12:00:00,HT-01,195.33,2841.84,0.41,26.36,normal
2026-01-01 13:00:00,HT-01,200.64,3147.59,0.4,26.26,normal
2026-01-01 14:00:00,HT-01,197.34,3036.84,0.53,26.64,normal
2026-01-01 15:00:00,HT-01,190.7,3084.66,0.6,27.46,normal
2026-01-01 16:00:00,HT-01,196.84,2942.91,0.4,16.57,normal
2026-01-01 17:00:00,HT-01,190.21,3081.38,0.41,23.54,normal
2026-01-01 18:00:00,HT-01,199.39,3106.85,0.48,16.28,normal
2026-01-01 19:00:00,HT-01,194.75,3023.29,0.43,25.14,normal
2026-01-01 20:00:00,HT-01,194.08,3023.44,0.55,24.98,normal
2026-01-01 21:00:00,HT-01,191.6,3027.03,0.22,29.18,normal
2026-01-01 22:00:00,HT-01,201.11,2913.67,0.37,29.75,normal
2026-01-01 23:00:00,HT-01,194.23,2985.25,0.37,25.81,normal
2026-01-02 00:00:00,HT-01,192.86,2984.75,0.22,23.0,normal
2026-01-02 01:00:00,HT-01,193.24,3038.34,0.35,26.94,normal
2026-01-02 02:00:00,HT-01,197.66,3099.98,0.36,22.89,normal
2026-01-02 03:00:00,HT-01,196.83,2894.15,0.43,24.99,normal
2026-01-02 04:00:00,HT-01,197.06,2987.5,0.56,28.94,normal
2026-01-02 05:00:00,HT-01,197.15,3148.15,0.43,22.77,normal
2026-01-02 06:00:00,HT-01,205.71,2925.64,0.35,28.22,normal
2026-01-02 07:00:00,HT-01,192.97,2917.77,0.44,27.71,normal
2026-01-02 08:00:00,HT-01,192.44,3020.23,0.55,21.18,normal
2026-01-02 09:00:00,HT-01,190.93,3084.44,0.35,28.9,normal
2026-01-02 10:00:00,HT-01,198.08,3001.14,0.36,27.79,normal
2026-01-02 11:00:00,HT-01,200.64,3132.9,0.51,25.41,normal
2026-01-02 12:00:00,HT-01,194.43,3085.68,0.43,21.95,normal
2026-01-02 13:00:00,HT-01,190.8,3084.18,0.51,21.56,normal
2026-01-02 14:00:00,HT-01,190.88,3055.41,0.45,22.85,normal
2026-01-02 15:00:00,HT-01,198.25,3232.77,0.52,27.17,normal
2026-01-02 16:00:00,HT-01,198.72,2979.48,0.35,21.18,normal
2026-01-02 17:00:00,HT-01,197.72,2799.65,0.45,26.75,normal
2026-01-02 18:00:00,HT-01,191.67,3160.43,0.43,20.03,normal
2026-01-02 19:00:00,HT-01,196.16,2954.23,0.33,24.18,normal
2026-01-02 20:00:00,HT-01,195.58,3010.79,0.29,25.44,normal
2026-01-02 21:00:00,HT-01,196.09,3130.96,0.52,34.78,normal
2026-01-02 22:00:00,HT-01,199.36,2839.77,0.41,19.49,normal
2026-01-02 23:00:00,HT-01,196.12,2874.84,0.35,30.89,normal
2026-01-03 00:00:00,HT-01,198.39,2839.87,0.44,25.6,normal
2026-01-03 01:00:00,HT-01,195.34,2920.59,0.56,26.64,normal
2026-01-03 02:00:00,HT-01,196.45,3043.96,0.22,25.47,normal
2026-01-03 03:00:00,HT-01,198.16,3052.42,0.3,26.78,normal
2026-01-03 04:00:00,HT-01,187.71,3027.63,0.36,24.39,normal
2026-01-03 05:00:00,HT-01,193.4,2858.72,0.6,30.82,normal
2026-01-03 06:00:00,HT-01,192.65,2768.99,0.48,23.17,normal
2026-01-03 07:00:00,HT-01,191.81,3005.44,0.53,29.53,normal
2026-01-03 08:00:00,HT-01,193.62,2952.82,0.34,22.42,normal
2026-01-03 09:00:00,HT-01,202.47,3045.94,0.34,24.76,normal
2026-01-03 10:00:00,HT-01,190.67,3070.2,0.49,20.71,normal
2026-01-03 11:00:00,HT-01,199.84,3013.82,0.46,26.82,normal
2026-01-03 12:00:00,HT-01,186.59,3076.01,0.5,30.78,normal
2026-01-03 13:00:00,HT-01,193.33,3022.92,0.43,24.69,normal
2026-01-03 14:00:00,HT-01,195.81,3053.01,0.48,24.21,normal
2026-01-03 15:00:00,HT-01,197.93,2929.53,0.47,20.54,normal
2026-01-03 16:00:00,HT-01,198.56,2982.04,0.53,24.08,normal
2026-01-03 17:00:00,HT-01,198.97,3019.68,0.53,18.63,normal
2026-01-03 18:00:00,HT-01,193.26,3082.05,0.29,21.35,normal
2026-01-03 19:00:00,HT-01,192.69,2960.63,0.23,25.91,normal
2026-01-03 20:00:00,HT-01,199.29,3052.12,0.55,30.28,normal
2026-01-03 21:00:00,HT-01,194.04,2973.42,0.57,36.24,normal
2026-01-03 22:00:00,HT-01,188.62,2988.25,0.35,22.65,normal
2026-01-03 23:00:00,HT-01,189.33,3082.95,0.26,30.74,normal
2026-01-04 00:00:00,HT-01,190.4,2800.69,0.46,25.98,normal
2026-01-04 01:00:00,HT-01,197.49,2870.35,0.54,24.4,normal
2026-01-04 02:00:00,HT-01,195.71,2851.78,0.63,26.73,normal
2026-01-04 03:00:00,HT-01,198.45,2766.64,0.5,25.25,normal
2026-01-04 04:00:00,HT-01,192.86,2932.17,0.41,25.44,normal
2026-01-04 05:00:00,HT-01,195.79,3074.94,0.36,23.37,normal
2026-01-04 06:00:00,HT-01,198.13,2971.51,0.45,19.41,normal
2026-01-04 07:00:00,HT-01,193.45,3019.78,0.42,18.83,normal
2026-01-04 08:00:00,HT-01,197.28,3108.92,0.35,27.61,normal
2026-01-04 09:00:00,HT-01,191.69,3132.77,0.65,23.89,normal
2026-01-04 10:00:00,HT-01,193.18,2993.09,0.63,22.62,normal
2026-01-04 11:00:00,HT-01,193.09,3135.36,0.56,25.03,normal
2026-01-04 12:00:00,HT-01,189.02,3009.21,0.36,28.18,normal
2026-01-04 13:00:00,HT-01,197.43,2916.26,0.54,25.72,normal
2026-01-04 14:00:00,HT-01,192.65,2940.56,0.51,22.38,normal
2026-01-04 15:00:00,HT-01,195.06,2851.95,0.49,29.91,normal
2026-01-04 16:00:00,HT-01,197.4,2911.19,0.57,31.32,normal
2026-01-04 17:00:00,HT-01,197.23,2964.2,0.51,26.98,normal
2026-01-04 18:00:00,HT-01,198.33,3080.36,0.52,28.89,normal
2026-01-04 19:00:00,HT-01,194.51,3172.08,0.51,29.97,normal
2026-01-04 20:00:00,HT-01,192.88,2861.78,0.48,29.52,normal
2026-01-04 21:00:00,HT-01,194.6,3039.28,0.27,27.46,normal
2026-01-04 22:00:00,HT-01,186.56,2895.95,0.46,27.39,normal
2026-01-04 23:00:00,HT-01,187.76,3047.47,0.39,27.08,normal
2026-01-05 00:00:00,HT-01,188.39,2986.89,0.32,20.61,normal
2026-01-05 01:00:00,HT-01,190.01,2816.91,0.62,27.8,normal
2026-01-05 02:00:00,HT-01,197.0,3092.83,0.62,19.58,normal
2026-01-05 03:00:00,HT-01,190.47,2939.5,0.59,21.82,normal
2026-01-05 04:00:00,HT-01,193.11,2946.61,0.48,30.21,normal
2026-01-05 05:00:00,HT-01,201.5,2893.02,0.59,28.36,normal
2026-01-05 06:00:00,HT-01,193.22,2934.57,0.45,30.95,normal
2026-01-05 07:00:00,HT-01,198.69,3042.79,0.47,23.91,normal
2026-01-05 08:00:00,HT-01,190.33,2981.08,0.34,20.39,normal
2026-01-05 09:00:00,HT-01,193.97,3032.87,0.49,24.04,normal
2026-01-05 10:00:00,HT-01,190.25,3036.19,0.46,25.41,normal
2026-01-05 11:00:00,HT-01,193.3,3132.07,0.32,25.32,normal
2026-01-05 12:00:00,HT-01,199.2,2965.72,0.44,29.53,normal
2026-01-05 13:00:00,HT-01,186.36,2852.31,0.44,23.55,normal
2026-01-05 14:00:00,HT-01,197.17,3106.72,0.63,26.41,normal
2026-01-05 15:00:00,HT-01,196.19,2966.85,0.54,21.05,normal
2026-01-05 16:00:00,HT-01,192.03,3111.46,0.45,26.8,normal
2026-01-05 17:00:00,HT-01,187.77,3038.34,0.47,25.01,normal
2026-01-05 18:00:00,HT-01,195.36,2986.89,0.45,22.0,normal
2026-01-05 19:00:00,HT-01,192.35,3034.88,0.43,24.06,normal
2026-01-05 20:00:00,HT-01,196.16,3195.1,0.34,24.26,normal
2026-01-05 21:00:00,HT-01,195.11,3207.7,0.43,23.92,normal
2026-01-05 22:00:00,HT-01,203.01,3006.94,0.38,32.09,normal
2026-01-05 23:00:00,HT-01,193.8,3016.02,0.32,24.61,normal
2026-01-06 00:00:00,HT-01,189.88,3107.62,0.5,24.02,normal
2026-01-06 01:00:00,HT-01,195.9,2915.43,0.49,16.61,normal
2026-01-06 02:00:00,HT-01,196.1,3033.31,0.27,21.42,normal
2026-01-06 03:00:00,HT-01,201.8,2997.41,0.44,23.95,normal
2026-01-06 04:00:00,HT-01,199.18,3031.39,0.55,22.26,normal
2026-01-06 05:00:00,HT-01,196.78,2916.66,0.56,30.53,normal
2026-01-06 06:00:00,HT-01,202.32,2841.04,0.55,24.34,normal
2026-01-06 07:00:00,HT-01,189.06,2792.7,0.45,30.15,normal
2026-01-06 08:00:00,HT-01,191.8,2888.26,0.37,25.25,normal
2026-01-06 09:00:00,HT-01,190.37,2954.13,0.34,25.15,normal
2026-01-06 10:00:00,HT-01,193.05,2970.68,0.48,24.64,normal
2026-01-06 11:00:00,HT-01,188.12,3193.72,0.49,25.02,normal
2026-01-06 12:00:00,HT-01,198.18,3110.6,0.58,31.88,normal
2026-01-06 13:00:00,HT-01,193.89,2903.79,0.56,15.72,normal
2026-01-06 14:00:00,HT-01,187.65,3034.77,0.44,16.99,normal
2026-01-06 15:00:00,HT-01,189.92,2959.29,0.33,22.83,normal
2026-01-06 16:00:00,HT-01,196.57,2971.56,0.42,25.06,normal
2026-01-06 17:00:00,HT-01,199.19,3018.53,0.47,27.76,normal
2026-01-06 18:00:00,HT-01,204.98,3061.92,0.43,26.89,normal
2026-01-06 19:00:00,HT-01,209.57,2966.07,0.39,23.46,normal
2026-01-06 20:00:00,HT-01,197.07,3106.39,0.48,29.08,normal
2026-01-06 21:00:00,HT-01,190.05,2885.81,0.4,29.12,normal
2026-01-06 22:00:00,HT-01,184.34,3000.63,0.39,25.74,normal
2026-01-06 23:00:00,HT-01,196.34,3259.77,0.48,28.85,normal
2026-01-07 00:00:00,HT-01,190.94,3022.31,0.41,26.09,normal
2026-01-07 01:00:00,HT-01,192.92,3143.32,0.47,22.75,normal
2026-01-07 02:00:00,HT-01,191.94,3009.15,0.48,27.79,normal
2026-01-07 03:00:00,HT-01,194.3,3058.08,0.34,25.44,normal
2026-01-07 04:00:00,HT-01,200.33,2994.32,0.4,25.01,normal
2026-01-07 05:00:00,HT-01,195.79,2982.96,0.59,30.89,normal
2026-01-07 06:00:00,HT-01,194.21,2922.05,0.33,15.2,normal
2026-01-07 07:00:00,HT-01,189.82,3043.03,0.24,19.33,normal
2026-01-07 08:00:00,HT-01,186.63,2914.85,0.26,20.25,normal
2026-01-07 09:00:00,HT-01,192.57,3066.56,0.45,23.55,normal
2026-01-07 10:00:00,HT-01,194.73,3108.53,0.45,23.98,normal
2026-01-07 11:00:00,HT-01,203.84,3036.65,0.44,18.97,normal
2026-01-07 12:00:00,HT-01,195.65,2971.38,0.57,21.06,normal
2026-01-07 13:00:00,HT-01,199.91,3045.4,0.18,21.56,normal
2026-01-07 14:00:00,HT-01,192.5,2969.13,0.49,34.83,normal
2026-01-07 15:00:00,HT-01,189.08,3093.55,0.61,32.21,normal
2026-01-07 16:00:00,HT-01,190.17,2816.86,0.34,23.35,normal
2026-01-07 17:00:00,HT-01,191.37,2966.44,0.41,23.55,normal
2026-01-07 18:00:00,HT-01,205.64,2800.92,0.37,20.4,normal
2026-01-07 19:00:00,HT-01,190.89,2850.49,0.36,17.37,normal
2026-01-07 20:00:00,HT-01,199.19,3136.39,0.42,24.53,normal
2026-01-07 21:00:00,HT-01,190.49,3089.52,0.59,21.01,normal
2026-01-07 22:00:00,HT-01,199.66,2928.05,0.63,24.66,normal
2026-01-07 23:00:00,HT-01,196.92,2849.75,0.42,18.6,normal
2026-01-08 00:00:00,HT-01,194.22,2703.55,0.64,21.95,normal
2026-01-08 01:00:00,HT-01,194.8,2945.65,0.45,25.59,normal
2026-01-08 02:00:00,HT-01,191.73,3242.04,0.63,26.46,normal
2026-01-08 03:00:00,HT-01,197.23,3043.49,0.44,26.67,normal
2026-01-08 04:00:00,HT-01,192.73,2944.04,0.46,19.72,normal
2026-01-08 05:00:00,HT-01,188.87,3046.51,0.49,28.42,normal
2026-01-08 06:00:00,HT-01,188.61,2843.9,0.77,21.8,normal
2026-01-08 07:00:00,HT-01,195.86,2970.27,0.54,27.53,normal
2026-01-08 08:00:00,HT-01,202.9,3009.95,0.38,24.96,normal
2026-01-08 09:00:00,HT-01,195.8,2991.39,0.55,19.49,normal
2026-01-08 10:00:00,HT-01,194.41,3079.08,0.41,23.74,normal
2026-01-08 11:00:00,HT-01,196.43,3034.46,0.4,26.46,normal
2026-01-08 12:00:00,HT-01,201.53,3066.83,0.54,27.45,normal
2026-01-08 13:00:00,HT-01,196.1,2931.16,0.45,24.44,normal
2026-01-08 14:00:00,HT-01,192.95,3089.78,0.48,31.13,normal
2026-01-08 15:00:00,HT-01,200.53,3162.89,0.45,29.03,normal
2026-01-08 16:00:00,HT-01,197.14,2902.99,0.48,23.97,normal
2026-01-08 17:00:00,HT-01,202.68,2911.23,0.49,28.0,normal
2026-01-08 18:00:00,HT-01,195.92,3133.58,0.26,32.74,normal
2026-01-08 19:00:00,HT-01,188.88,2980.87,0.52,32.84,normal
2026-01-08 20:00:00,HT-01,188.16,3140.38,0.35,20.09,normal
2026-01-08 21:00:00,HT-01,203.25,2955.75,0.31,21.29,normal
2026-01-08 22:00:00,HT-01,203.62,3145.5,0.44,30.94,normal
2026-01-08 23:00:00,HT-01,194.1,3013.15,0.46,20.77,normal
2026-01-09 00:00:00,HT-01,193.08,3025.82,0.38,19.71,normal
2026-01-09 01:00:00,HT-01,202.31,3156.47,0.53,23.06,normal
2026-01-09 02:00:00,HT-01,189.46,2963.82,0.32,26.68,normal
2026-01-09 03:00:00,HT-01,190.53,2905.89,0.41,24.59,normal
2026-01-09 04:00:00,HT-01,198.22,2955.14,0.39,22.4,normal
2026-01-09 05:00:00,HT-01,193.03,3045.23,0.45,22.3,normal
2026-01-09 06:00:00,HT-01,194.97,2843.42,0.48,22.15,normal
2026-01-09 07:00:00,HT-01,194.18,3063.75,0.35,21.48,normal
2026-01-09 08:00:00,HT-01,196.69,2946.12,0.52,34.13,normal
2026-01-09 09:00:00,HT-01,202.04,3114.78,0.46,26.19,normal
2026-01-09 10:00:00,HT-01,195.45,2760.57,0.26,28.55,normal
2026-01-09 11:00:00,HT-01,198.22,2921.34,0.25,23.04,normal
2026-01-09 12:00:00,HT-01,184.75,2831.35,0.45,24.26,normal
2026-01-09 13:00:00,HT-01,194.76,2917.38,0.43,22.15,normal
2026-01-09 14:00:00,HT-01,190.78,3024.77,0.44,14.39,normal
2026-01-09 15:00:00,HT-01,188.91,2982.08,0.45,19.49,normal
2026-01-09 16:00:00,HT-01,190.61,2974.66,0.47,17.76,normal
2026-01-09 17:00:00,HT-01,193.33,2984.08,0.54,16.0,normal
2026-01-09 18:00:00,HT-01,199.58,3020.34,0.34,20.22,normal
2026-01-09 19:00:00,HT-01,188.37,2899.15,0.33,30.3,normal
2026-01-09 20:00:00,HT-01,195.15,3070.68,0.34,24.82,normal
2026-01-09 21:00:00,HT-01,192.58,3066.27,0.48,30.16,normal
2026-01-09 22:00:00,HT-01,193.36,3038.5,0.57,26.64,normal
2026-01-09 23:00:00,HT-01,200.01,3055.65,0.41,28.13,normal
2026-01-10 00:00:00,HT-01,197.69,3029.64,0.2,21.4,normal
2026-01-10 01:00:00,HT-01,201.69,3203.51,0.28,27.1,normal
2026-01-10 02:00:00,HT-01,194.23,2991.29,0.37,27.91,normal
2026-01-10 03:00:00,HT-01,191.52,2969.29,0.39,22.69,normal
2026-01-10 04:00:00,HT-01,208.88,2924.65,0.41,25.24,warning
2026-01-10 05:00:00,HT-01,212.39,2896.77,0.45,24.91,warning
2026-01-10 06:00:00,HT-01,213.24,2875.55,0.42,20.1,warning
2026-01-10 07:00:00,HT-01,208.11,2911.12,0.55,17.45,warning
2026-01-10 08:00:00,HT-01,215.16,2992.93,0.38,16.85,warning
2026-01-10 09:00:00,HT-01,217.02,3033.43,0.36,21.58,warning
2026-01-10 10:00:00,HT-01,229.65,3005.11,0.5,22.19,warning
2026-01-10 11:00:00,HT-01,227.62,2923.45,0.3,17.36,warning
2026-01-10 12:00:00,HT-01,215.15,3090.02,0.49,20.28,warning
2026-01-10 13:00:00,HT-01,219.15,3073.94,0.46,22.11,warning
2026-01-10 14:00:00,HT-01,214.45,2984.04,0.44,21.94,warning
2026-01-10 15:00:00,HT-01,219.99,2934.71,0.61,25.33,warning
2026-01-10 16:00:00,HT-01,225.7,3054.84,0.39,23.87,warning
2026-01-10 17:00:00,HT-01,231.32,3018.8,0.66,14.41,warning
2026-01-10 18:00:00,HT-01,222.83,2855.19,0.43,24.79,warning
2026-01-10 19:00:00,HT-01,224.38,2993.2,0.32,15.58,warning
2026-01-10 20:00:00,HT-01,218.09,3026.2,0.46,21.53,warning
2026-01-10 21:00:00,HT-01,229.19,2910.03,0.34,17.27,warning
2026-01-10 22:00:00,HT-01,189.69,3018.98,0.37,23.35,normal
2026-01-10 23:00:00,HT-01,192.35,2854.52,0.49,17.77,normal
2026-01-11 00:00:00,HT-01,190.62,3133.62,0.51,24.31,normal
2026-01-11 01:00:00,HT-01,194.53,3124.79,0.39,18.76,normal
2026-01-11 02:00:00,HT-01,186.21,2974.75,0.55,28.87,normal
2026-01-11 03:00:00,HT-01,187.66,3036.35,0.57,31.07,normal
2026-01-11 04:00:00,HT-01,205.65,2759.01,0.59,21.81,normal
2026-01-11 05:00:00,HT-01,188.56,2884.37,0.5,26.21,normal
2026-01-11 06:00:00,HT-01,189.52,2970.62,0.59,22.1,normal
2026-01-11 07:00:00,HT-01,204.18,2892.79,0.26,22.49,normal
2026-01-11 08:00:00,HT-01,209.53,3071.44,0.42,28.1,normal
2026-01-11 09:00:00,HT-01,189.14,3199.73,0.36,24.85,normal
2026-01-11 10:00:00,HT-01,193.16,2882.34,0.46,31.96,normal
2026-01-11 11:00:00,HT-01,196.71,2916.25,0.39,23.07,normal
2026-01-11 12:00:00,HT-01,203.64,3023.54,0.43,29.0,normal
2026-01-11 13:00:00,HT-01,190.07,3161.11,0.64,25.39,normal
2026-01-11 14:00:00,HT-01,193.77,2877.76,0.43,28.18,normal
2026-01-11 15:00:00,HT-01,198.89,3024.9,0.49,23.21,normal
2026-01-11 16:00:00,HT-01,197.17,3182.13,0.43,24.8,normal
2026-01-11 17:00:00,HT-01,193.12,2834.82,0.46,24.54,normal
2026-01-11 18:00:00,HT-01,194.33,2871.89,0.45,21.66,normal
2026-01-11 19:00:00,HT-01,188.13,2957.64,0.49,27.65,normal
2026-01-11 20:00:00,HT-01,193.81,2947.94,0.57,27.6,normal
2026-01-11 21:00:00,HT-01,193.67,3081.26,0.61,27.37,normal
2026-01-11 22:00:00,HT-01,196.16,3024.17,0.48,31.15,normal
2026-01-11 23:00:00,HT-01,192.22,2822.5,0.51,30.8,normal
2026-01-12 00:00:00,HT-01,197.36,3051.54,0.33,23.5,normal
2026-01-12 01:00:00,HT-01,200.06,2942.25,0.44,26.49,normal
2026-01-12 02:00:00,HT-01,195.78,3127.44,0.54,22.51,normal
2026-01-12 03:00:00,HT-01,196.76,2937.24,0.54,25.09,normal
2026-01-12 04:00:00,HT-01,195.27,2936.34,0.47,22.6,normal
2026-01-12 05:00:00,HT-01,195.0,3054.11,0.54,31.48,normal
2026-01-12 06:00:00,HT-01,191.39,3076.29,0.5,26.45,normal
2026-01-12 07:00:00,HT-01,196.58,3044.81,0.57,24.13,normal
2026-01-12 08:00:00,HT-01,194.51,2831.44,0.48,29.77,normal
2026-01-12 09:00:00,HT-01,205.47,3053.8,0.41,16.32,normal
2026-01-12 10:00:00,HT-01,202.87,2896.57,0.48,16.94,normal
2026-01-12 11:00:00,HT-01,196.93,3023.53,0.16,28.18,normal
2026-01-12 12:00:00,HT-01,191.18,2857.63,0.49,25.24,normal
2026-01-12 13:00:00,HT-01,189.44,3044.63,0.09,26.0,normal
2026-01-12 14:00:00,HT-01,200.96,2919.34,0.28,19.69,normal
2026-01-12 15:00:00,HT-01,196.31,2871.74,0.5,24.91,normal
2026-01-12 16:00:00,HT-01,197.4,3071.38,0.5,33.01,normal
2026-01-12 17:00:00,HT-01,186.28,3024.16,0.33,28.3,normal
2026-01-12 18:00:00,HT-01,199.64,2938.6,0.38,25.68,normal
2026-01-12 19:00:00,HT-01,197.27,3145.12,0.59,23.24,normal
2026-01-12 20:00:00,HT-01,189.45,2955.93,0.4,23.42,normal
2026-01-12 21:00:00,HT-01,192.64,3003.21,0.67,16.48,normal
2026-01-12 22:00:00,HT-01,196.32,3026.89,0.45,26.03,normal
2026-01-12 23:00:00,HT-01,195.26,2938.03,0.49,28.38,normal
2026-01-13 00:00:00,HT-01,193.54,3047.11,0.61,18.7,normal
2026-01-13 01:00:00,HT-01,194.48,2946.65,0.46,22.35,normal
2026-01-13 02:00:00,HT-01,193.74,2958.84,0.35,20.37,normal
2026-01-13 03:00:00,HT-01,195.76,3136.26,0.44,21.14,normal
2026-01-13 04:00:00,HT-01,202.36,2895.94,0.45,25.21,normal
2026-01-13 05:00:00,HT-01,182.17,2758.72,0.31,16.66,normal
2026-01-13 06:00:00,HT-01,193.82,3161.09,0.42,27.46,normal
2026-01-13 07:00:00,HT-01,195.88,3254.93,0.38,28.02,normal
2026-01-13 08:00:00,HT-01,196.48,2959.47,0.54,24.0,normal
2026-01-13 09:00:00,HT-01,193.14,2806.32,0.45,15.08,normal
2026-01-13 10:00:00,HT-01,186.22,2968.95,0.42,21.01,normal
2026-01-13 11:00:00,HT-01,196.64,2971.38,0.44,29.93,normal
2026-01-13 12:00:00,HT-01,203.64,2981.01,0.47,13.89,normal
2026-01-13 13:00:00,HT-01,187.33,2888.66,0.51,23.61,normal
2026-01-13 14:00:00,HT-01,199.32,3057.96,0.35,20.28,normal
2026-01-13 15:00:00,HT-01,193.36,3052.45,0.35,28.22,normal
2026-01-13 16:00:00,HT-01,194.69,2850.56,0.56,22.3,normal
2026-01-13 17:00:00,HT-01,189.74,3069.92,0.41,26.62,normal
2026-01-13 18:00:00,HT-01,193.33,3205.27,0.31,27.26,normal
2026-01-13 19:00:00,HT-01,201.5,3017.2,0.49,32.34,normal
2026-01-13 20:00:00,HT-01,197.91,2966.27,0.5,24.19,normal
2026-01-13 21:00:00,HT-01,203.66,2985.8,0.3,26.5,normal
2026-01-13 22:00:00,HT-01,200.89,3061.53,0.47,19.06,normal
2026-01-13 23:00:00,HT-01,197.2,2826.93,0.52,29.76,normal
2026-01-14 00:00:00,HT-01,203.72,3016.44,0.49,21.96,normal
2026-01-14 01:00:00,HT-01,197.19,2960.95,0.51,22.76,normal
2026-01-14 02:00:00,HT-01,199.14,3184.78,0.31,24.91,normal
2026-01-14 03:00:00,HT-01,193.52,2982.58,0.48,18.75,normal
2026-01-14 04:00:00,HT-01,195.33,3166.79,0.42,25.92,normal
2026-01-14 05:00:00,HT-01,191.51,2889.63,0.4,28.87,normal
2026-01-14 06:00:00,HT-01,199.95,3058.73,0.54,26.17,normal
2026-01-14 07:00:00,HT-01,189.11,3031.94,0.6,18.64,normal
2026-01-14 08:00:00,HT-01,198.91,2913.1,0.63,24.5,normal
2026-01-14 09:00:00,HT-01,194.05,3017.74,0.58,27.97,normal
2026-01-14 10:00:00,HT-01,200.86,3121.25,0.44,17.49,normal
2026-01-14 11:00:00,HT-01,198.75,2967.62,0.49,20.7,normal
2026-01-14 12:00:00,HT-01,204.1,2830.8,0.53,28.51,normal
2026-01-14 13:00:00,HT-01,198.65,2998.24,0.46,26.08,normal
2026-01-14 14:00:00,HT-01,187.14,2909.76,0.46,26.65,normal
2026-01-14 15:00:00,HT-01,194.67,2965.77,0.53,32.44,normal
2026-01-14 16:00:00,HT-01,189.14,2991.84,0.44,26.87,normal
2026-01-14 17:00:00,HT-01,192.41,2829.43,0.38,27.63,normal
2026-01-14 18:00:00,HT-01,202.56,2838.43,0.41,35.84,normal
2026-01-14 19:00:00,HT-01,198.19,3048.21,0.51,24.14,normal
2026-01-14 20:00:00,HT-01,191.51,2947.73,0.45,21.81,normal
2026-01-14 21:00:00,HT-01,189.93,2743.53,0.48,26.71,normal
2026-01-14 22:00:00,HT-01,195.16,3078.48,0.52,26.76,normal
2026-01-14 23:00:00,HT-01,188.92,3027.24,0.41,22.89,normal
2026-01-01 00:00:00,HT-02,189.84,2849.93,0.45,24.85,normal
2026-01-01 01:00:00,HT-02,206.55,2897.46,0.38,25.79,normal
2026-01-01 02:00:00,HT-02,196.63,2946.22,0.51,20.26,normal
2026-01-01 03:00:00,HT-02,191.34,3122.84,0.5,16.25,normal
2026-01-01 04:00:00,HT-02,199.58,2936.05,0.45,25.6,normal
2026-01-01 05:00:00,HT-02,194.45,3064.02,0.37,26.3,normal
2026-01-01 06:00:00,HT-02,193.74,2946.17,0.46,29.84,normal
2026-01-01 07:00:00,HT-02,197.81,3024.79,0.44,31.29,normal
2026-01-01 08:00:00,HT-02,188.54,2985.86,0.32,31.28,normal
2026-01-01 09:00:00,HT-02,196.76,3087.31,0.3,21.01,normal
2026-01-01 10:00:00,HT-02,204.56,2946.52,0.51,23.59,normal
2026-01-01 11:00:00,HT-02,197.33,2842.75,0.19,26.92,normal
2026-01-01 12:00:00,HT-02,193.12,2861.81,0.47,35.13,normal
2026-01-01 13:00:00,HT-02,192.46,2946.81,0.4,30.92,normal
2026-01-01 14:00:00,HT-02,192.95,2875.09,0.58,29.48,normal
2026-01-01 15:00:00,HT-02,193.73,3041.02,0.4,23.45,normal
2026-01-01 16:00:00,HT-02,193.11,2953.42,0.52,21.47,normal
2026-01-01 17:00:00,HT-02,199.58,3237.46,0.41,28.16,normal
2026-01-01 18:00:00,HT-02,186.33,2826.23,0.46,20.6,normal
2026-01-01 19:00:00,HT-02,199.31,3020.36,0.52,24.05,normal
2026-01-01 20:00:00,HT-02,193.1,2887.2,0.4,24.54,normal
2026-01-01 21:00:00,HT-02,196.88,2950.66,0.55,31.37,normal
2026-01-01 22:00:00,HT-02,189.37,3014.14,0.35,23.58,normal
2026-01-01 23:00:00,HT-02,201.64,2767.46,0.48,15.24,normal
2026-01-02 00:00:00,HT-02,201.23,3023.68,0.54,27.02,normal
2026-01-02 01:00:00,HT-02,199.8,3190.29,0.52,22.2,normal
2026-01-02 02:00:00,HT-02,187.43,2954.66,0.64,25.17,normal
2026-01-02 03:00:00,HT-02,199.15,3025.98,0.37,24.65,normal
2026-01-02 04:00:00,HT-02,197.02,3102.49,0.31,23.91,normal
2026-01-02 05:00:00,HT-02,186.97,2983.6,0.35,28.16,normal
2026-01-02 06:00:00,HT-02,194.88,2941.9,0.52,18.87,normal
2026-01-02 07:00:00,HT-02,196.82,2772.43,0.5,22.93,normal
2026-01-02 08:00:00,HT-02,197.78,3064.1,0.46,27.74,normal
2026-01-02 09:00:00,HT-02,195.89,2988.68,0.34,22.54,normal
2026-01-02 10:00:00,HT-02,196.46,2898.73,0.53,18.56,normal
2026-01-02 11:00:00,HT-02,202.37,3012.66,0.33,27.67,normal
2026-01-02 12:00:00,HT-02,201.13,2941.63,0.57,29.49,normal
2026-01-02 13:00:00,HT-02,180.66,2947.16,0.74,24.82,normal
2026-01-02 14:00:00,HT-02,193.41,3060.63,0.49,17.16,normal
2026-01-02 15:00:00,HT-02,194.18,2866.16,0.51,27.82,normal
2026-01-02 16:00:00,HT-02,186.24,3104.73,0.4,18.36,normal
2026-01-02 17:00:00,HT-02,195.47,2860.23,0.27,26.24,normal
2026-01-02 18:00:00,HT-02,201.24,2933.73,0.39,21.45,normal
2026-01-02 19:00:00,HT-02,189.57,3192.29,0.34,20.36,normal
2026-01-02 20:00:00,HT-02,196.68,3112.74,0.31,23.23,normal
2026-01-02 21:00:00,HT-02,190.42,3009.76,0.62,24.27,normal
2026-01-02 22:00:00,HT-02,191.64,2905.95,0.48,22.42,normal
2026-01-02 23:00:00,HT-02,202.39,2947.07,0.49,27.35,normal
2026-01-03 00:00:00,HT-02,192.29,3007.33,0.42,23.22,normal
2026-01-03 01:00:00,HT-02,197.31,3003.75,0.43,28.92,normal
2026-01-03 02:00:00,HT-02,185.64,2990.91,0.55,26.12,normal
2026-01-03 03:00:00,HT-02,204.31,2996.92,0.45,22.21,normal
2026-01-03 04:00:00,HT-02,198.01,2978.56,0.5,21.54,normal
2026-01-03 05:00:00,HT-02,194.09,2855.8,0.43,18.41,normal
2026-01-03 06:00:00,HT-02,197.88,2948.35,0.42,26.16,normal
2026-01-03 07:00:00,HT-02,187.95,3091.46,0.31,23.58,normal
2026-01-03 08:00:00,HT-02,200.91,2863.17,0.25,15.51,normal
2026-01-03 09:00:00,HT-02,193.38,2981.04,0.42,22.86,normal
2026-01-03 10:00:00,HT-02,193.98,2918.02,0.46,21.4,normal
2026-01-03 11:00:00,HT-02,192.54,3011.14,0.32,31.3,normal
2026-01-03 12:00:00,HT-02,192.1,2961.14,0.45,18.19,normal
2026-01-03 13:00:00,HT-02,198.47,3147.74,0.46,19.23,normal
2026-01-03 14:00:00,HT-02,196.28,3050.66,0.23,29.44,normal
2026-01-03 15:00:00,HT-02,198.26,2868.82,0.36,30.43,normal
2026-01-03 16:00:00,HT-02,194.96,3067.12,0.49,22.02,normal
2026-01-03 17:00:00,HT-02,197.57,2922.53,0.49,22.47,normal
2026-01-03 18:00:00,HT-02,192.91,2942.3,0.33,27.46,normal
2026-01-03 19:00:00,HT-02,206.15,3031.38,0.47,15.69,normal
2026-01-03 20:00:00,HT-02,187.16,2950.83,0.55,17.56,normal
2026-01-03 21:00:00,HT-02,201.3,3089.29,0.53,23.88,normal
2026-01-03 22:00:00,HT-02,201.84,2922.55,0.44,31.2,normal
2026-01-03 23:00:00,HT-02,190.74,2938.11,0.4,23.26,normal
2026-01-04 00:00:00,HT-02,206.15,2934.36,0.39,25.4,normal
2026-01-04 01:00:00,HT-02,199.98,2943.44,0.5,29.54,normal
2026-01-04 02:00:00,HT-02,199.86,3109.92,0.47,33.43,normal
2026-01-04 03:00:00,HT-02,195.14,3062.88,0.51,22.69,normal
2026-01-04 04:00:00,HT-02,193.91,3170.99,0.46,24.93,normal
2026-01-04 05:00:00,HT-02,193.95,3226.76,0.53,32.29,normal
2026-01-04 06:00:00,HT-02,196.95,2896.93,0.46,18.91,normal
2026-01-04 07:00:00,HT-02,202.01,3007.04,0.53,29.11,normal
2026-01-04 08:00:00,HT-02,195.91,2882.38,0.54,20.93,normal
2026-01-04 09:00:00,HT-02,190.44,2922.24,0.37,25.41,normal
2026-01-04 10:00:00,HT-02,199.12,2936.99,0.27,24.03,normal
2026-01-04 11:00:00,HT-02,199.61,2894.28,0.6,21.17,normal
2026-01-04 12:00:00,HT-02,198.27,2894.81,0.48,21.07,normal
2026-01-04 13:00:00,HT-02,198.73,2985.57,0.28,26.11,normal
2026-01-04 14:00:00,HT-02,193.65,2878.33,0.38,28.98,normal
2026-01-04 15:00:00,HT-02,190.36,3084.21,0.53,24.48,normal
2026-01-04 16:00:00,HT-02,190.66,2908.22,0.42,25.28,normal
2026-01-04 17:00:00,HT-02,186.82,3280.96,0.4,27.28,normal
2026-01-04 18:00:00,HT-02,196.18,2954.86,0.59,21.11,normal
2026-01-04 19:00:00,HT-02,194.58,3007.2,0.35,27.96,normal
2026-01-04 20:00:00,HT-02,192.8,2870.47,0.37,28.28,normal
2026-01-04 21:00:00,HT-02,180.22,3170.61,0.47,35.41,normal
2026-01-04 22:00:00,HT-02,188.76,3111.95,0.49,23.5,normal
2026-01-04 23:00:00,HT-02,200.6,3029.69,0.5,23.17,normal
2026-01-05 00:00:00,HT-02,191.68,2865.32,0.54,28.08,normal
2026-01-05 01:00:00,HT-02,196.8,3021.07,0.47,28.28,normal
2026-01-05 02:00:00,HT-02,188.05,2887.86,0.5,22.86,normal
2026-01-05 03:00:00,HT-02,202.19,3146.24,0.42,23.39,normal
2026-01-05 04:00:00,HT-02,194.28,3080.92,0.46,27.16,normal
2026-01-05 05:00:00,HT-02,196.45,3009.54,0.46,21.69,normal
2026-01-05 06:00:00,HT-02,206.63,2756.36,0.47,23.36,normal
2026-01-05 07:00:00,HT-02,202.58,2901.66,0.53,25.36,normal
2026-01-05 08:00:00,HT-02,193.47,3068.78,0.51,28.98,normal
2026-01-05 09:00:00,HT-02,192.03,3121.29,0.45,22.58,normal
2026-01-05 10:00:00,HT-02,193.37,3110.92,0.37,17.63,normal
2026-01-05 11:00:00,HT-02,197.55,2840.8,0.46,17.33,normal
2026-01-05 12:00:00,HT-02,194.47,3030.16,0.45,19.96,normal
2026-01-05 13:00:00,HT-02,193.02,3101.55,0.47,19.75,normal
2026-01-05 14:00:00,HT-02,202.34,2834.17,0.67,24.38,normal
2026-01-05 15:00:00,HT-02,194.43,2999.21,0.4,20.24,normal
2026-01-05 16:00:00,HT-02,206.5,3027.38,0.49,22.19,normal
2026-01-05 17:00:00,HT-02,195.45,2969.92,0.56,21.9,normal
2026-01-05 18:00:00,HT-02,203.93,2814.78,0.46,23.24,normal
2026-01-05 19:00:00,HT-02,196.79,2967.43,0.68,30.29,normal
2026-01-05 20:00:00,HT-02,199.81,2967.27,0.41,27.65,normal
2026-01-05 21:00:00,HT-02,191.38,2985.19,0.48,25.06,normal
2026-01-05 22:00:00,HT-02,190.73,2943.65,0.37,23.16,normal
2026-01-05 23:00:00,HT-02,197.3,2955.7,0.41,23.27,normal
2026-01-06 00:00:00,HT-02,199.94,2996.03,0.47,26.31,normal
2026-01-06 01:00:00,HT-02,195.2,3044.25,0.53,27.34,normal
2026-01-06 02:00:00,HT-02,188.57,2969.56,0.48,21.37,normal
2026-01-06 03:00:00,HT-02,188.2,2959.04,0.58,25.15,normal
2026-01-06 04:00:00,HT-02,187.86,3009.24,0.44,16.87,normal
2026-01-06 05:00:00,HT-02,186.16,2807.91,0.42,25.85,normal
2026-01-06 06:00:00,HT-02,195.55,3047.7,0.72,28.05,normal
2026-01-06 07:00:00,HT-02,200.63,2999.94,0.49,23.88,normal
2026-01-06 08:00:00,HT-02,194.93,3003.97,0.38,32.27,normal
2026-01-06 09:00:00,HT-02,183.7,3096.07,0.38,21.48,normal
2026-01-06 10:00:00,HT-02,194.05,2804.72,0.36,25.87,normal
2026-01-06 11:00:00,HT-02,194.19,2802.62,0.54,24.86,normal
2026-01-06 12:00:00,HT-02,205.48,3027.38,0.41,24.6,normal
2026-01-06 13:00:00,HT-02,187.71,2999.29,0.46,24.54,normal
2026-01-06 14:00:00,HT-02,193.05,3017.02,0.44,25.43,normal
2026-01-06 15:00:00,HT-02,203.53,2953.79,0.52,28.39,normal
2026-01-06 16:00:00,HT-02,197.25,3066.44,0.37,30.51,normal
2026-01-06 17:00:00,HT-02,197.82,3093.26,0.34,24.99,normal
2026-01-06 18:00:00,HT-02,195.57,3048.4,0.47,28.26,normal
2026-01-06 19:00:00,HT-02,196.65,2973.92,0.51,22.19,normal
2026-01-06 20:00:00,HT-02,198.89,2789.23,0.48,28.06,normal
2026-01-06 21:00:00,HT-02,190.95,3076.92,0.37,21.95,normal
2026-01-06 22:00:00,HT-02,199.39,3122.17,0.52,29.36,normal
2026-01-06 23:00:00,HT-02,188.13,3064.46,0.38,33.84,normal
2026-01-07 00:00:00,HT-02,196.64,2912.04,0.4,24.51,normal
2026-01-07 01:00:00,HT-02,195.89,3067.38,0.36,16.23,normal
2026-01-07 02:00:00,HT-02,191.92,3086.05,0.58,22.81,normal
2026-01-07 03:00:00,HT-02,194.89,3155.88,0.51,29.93,normal
2026-01-07 04:00:00,HT-02,191.89,2912.39,0.51,27.21,normal
2026-01-07 05:00:00,HT-02,189.64,2977.35,0.57,26.0,normal
2026-01-07 06:00:00,HT-02,193.23,3074.73,0.73,29.03,normal
2026-01-07 07:00:00,HT-02,189.48,3005.74,0.28,26.94,normal
2026-01-07 08:00:00,HT-02,196.61,2888.27,0.38,29.87,normal
2026-01-07 09:00:00,HT-02,189.25,3041.46,0.39,28.68,normal
2026-01-07 10:00:00,HT-02,198.56,3057.87,0.36,31.09,normal
2026-01-07 11:00:00,HT-02,189.09,3008.8,0.34,26.44,normal
2026-01-07 12:00:00,HT-02,192.17,3021.96,0.42,28.62,normal
2026-01-07 13:00:00,HT-02,191.88,2974.13,0.33,23.77,normal
2026-01-07 14:00:00,HT-02,201.63,3147.83,0.48,22.59,normal
2026-01-07 15:00:00,HT-02,196.65,2909.93,0.46,31.83,normal
2026-01-07 16:00:00,HT-02,193.94,2941.27,0.5,25.86,normal
2026-01-07 17:00:00,HT-02,197.49,3001.1,0.5,28.22,normal
2026-01-07 18:00:00,HT-02,184.46,3087.9,0.51,25.49,normal
2026-01-07 19:00:00,HT-02,194.78,2850.26,0.41,22.65,normal
2026-01-07 20:00:00,HT-02,204.99,2868.97,0.66,25.04,normal
2026-01-07 21:00:00,HT-02,195.66,2796.23,0.47,30.74,normal
2026-01-07 22:00:00,HT-02,195.34,3003.27,0.26,27.22,normal
2026-01-07 23:00:00,HT-02,197.74,2888.17,0.35,18.15,normal
2026-01-08 00:00:00,HT-02,199.48,2961.54,0.28,24.14,normal
2026-01-08 01:00:00,HT-02,185.01,3066.14,0.45,32.13,normal
2026-01-08 02:00:00,HT-02,186.59,2935.85,0.44,24.14,normal
2026-01-08 03:00:00,HT-02,196.05,3023.13,0.4,17.8,normal
2026-01-08 04:00:00,HT-02,191.43,2970.07,0.65,32.57,normal
2026-01-08 05:00:00,HT-02,201.56,3067.21,0.5,27.73,normal
2026-01-08 06:00:00,HT-02,193.42,3047.51,0.52,24.72,normal
2026-01-08 07:00:00,HT-02,185.33,2930.81,0.36,23.51,normal
2026-01-08 08:00:00,HT-02,188.66,2983.13,0.35,29.33,normal
2026-01-08 09:00:00,HT-02,181.25,3104.37,0.45,22.83,normal
2026-01-08 10:00:00,HT-02,193.83,3039.34,0.47,29.59,normal
2026-01-08 11:00:00,HT-02,194.06,2860.3,0.26,27.17,normal
2026-01-08 12:00:00,HT-02,192.88,3065.56,0.43,25.98,normal
2026-01-08 13:00:00,HT-02,200.39,2891.54,0.45,25.58,normal
2026-01-08 14:00:00,HT-02,200.99,3141.25,0.43,24.3,normal
2026-01-08 15:00:00,HT-02,194.15,3102.41,0.37,29.18,normal
2026-01-08 16:00:00,HT-02,184.33,3028.99,0.4,21.54,normal
2026-01-08 17:00:00,HT-02,198.09,3015.72,0.43,18.51,normal
2026-01-08 18:00:00,HT-02,197.78,2979.1,0.46,27.46,normal
2026-01-08 19:00:00,HT-02,196.55,3067.85,0.51,27.52,normal
2026-01-08 20:00:00,HT-02,199.91,2962.92,0.56,26.92,normal
2026-01-08 21:00:00,HT-02,189.18,3023.56,0.42,26.63,normal
2026-01-08 22:00:00,HT-02,205.04,3087.19,0.4,23.72,normal
2026-01-08 23:00:00,HT-02,190.2,2943.82,0.49,28.15,normal
2026-01-09 00:00:00,HT-02,198.75,2938.38,0.51,24.82,normal
2026-01-09 01:00:00,HT-02,186.56,2880.56,0.41,23.05,normal
2026-01-09 02:00:00,HT-02,190.35,2893.55,0.53,23.75,normal
2026-01-09 03:00:00,HT-02,202.58,2817.16,0.55,33.08,normal
2026-01-09 04:00:00,HT-02,193.7,3072.98,0.58,18.06,normal
2026-01-09 05:00:00,HT-02,199.2,3180.89,0.63,27.0,normal
2026-01-09 06:00:00,HT-02,196.18,3142.53,0.36,18.28,normal
2026-01-09 07:00:00,HT-02,194.48,2837.39,0.45,24.57,normal
2026-01-09 08:00:00,HT-02,201.82,3072.49,0.45,23.27,normal
2026-01-09 09:00:00,HT-02,193.82,3142.21,0.44,16.66,normal
2026-01-09 10:00:00,HT-02,186.1,2954.32,0.39,26.56,normal
2026-01-09 11:00:00,HT-02,190.98,3010.14,0.3,23.48,normal
2026-01-09 12:00:00,HT-02,197.76,2799.21,0.46,16.6,normal
2026-01-09 13:00:00,HT-02,196.98,3026.67,0.37,28.36,normal
2026-01-09 14:00:00,HT-02,187.16,2893.64,0.46,30.74,normal
2026-01-09 15:00:00,HT-02,191.38,3019.96,0.37,30.96,normal
2026-01-09 16:00:00,HT-02,192.09,2843.88,0.34,26.44,normal
2026-01-09 17:00:00,HT-02,193.17,3054.29,0.47,25.18,normal
2026-01-09 18:00:00,HT-02,188.12,3102.45,0.47,30.31,normal
2026-01-09 19:00:00,HT-02,191.86,2921.68,0.51,31.73,normal
2026-01-09 20:00:00,HT-02,191.36,2886.31,0.67,29.53,normal
2026-01-09 21:00:00,HT-02,198.86,2784.4,0.48,21.23,normal
2026-01-09 22:00:00,HT-02,199.05,2973.36,0.5,25.81,normal
2026-01-09 23:00:00,HT-02,194.27,2941.84,0.34,26.76,normal
2026-01-10 00:00:00,HT-02,193.04,2844.9,0.32,17.76,normal
2026-01-10 01:00:00,HT-02,195.7,3045.3,0.61,26.88,normal
2026-01-10 02:00:00,HT-02,190.92,2955.0,0.36,34.09,normal
2026-01-10 03:00:00,HT-02,189.27,2892.43,0.35,27.56,normal
2026-01-10 04:00:00,HT-02,190.3,2944.54,0.45,30.89,normal
2026-01-10 05:00:00,HT-02,191.83,3107.13,0.44,25.73,normal
2026-01-10 06:00:00,HT-02,189.18,3060.29,0.36,24.71,normal
2026-01-10 07:00:00,HT-02,195.81,2987.0,0.42,26.53,normal
2026-01-10 08:00:00,HT-02,198.65,3061.91,0.57,21.74,normal
2026-01-10 09:00:00,HT-02,187.06,2883.91,0.37,21.14,normal
2026-01-10 10:00:00,HT-02,195.13,3003.24,0.31,30.07,normal
2026-01-10 11:00:00,HT-02,193.9,3014.73,0.54,30.49,normal
2026-01-10 12:00:00,HT-02,196.71,2953.02,0.5,21.04,normal
2026-01-10 13:00:00,HT-02,194.94,3043.55,0.39,28.87,normal
2026-01-10 14:00:00,HT-02,187.73,2921.96,0.29,24.65,normal
2026-01-10 15:00:00,HT-02,188.69,3050.98,0.38,26.36,normal
2026-01-10 16:00:00,HT-02,195.15,3055.19,0.44,26.84,normal
2026-01-10 17:00:00,HT-02,200.14,2708.28,0.57,28.98,normal
2026-01-10 18:00:00,HT-02,183.93,3119.03,0.35,25.33,normal
2026-01-10 19:00:00,HT-02,196.73,2695.24,0.44,30.64,normal
2026-01-10 20:00:00,HT-02,200.95,2938.4,0.52,26.24,normal
2026-01-10 21:00:00,HT-02,194.23,3102.53,0.21,27.5,normal
2026-01-10 22:00:00,HT-02,197.75,2968.27,0.55,21.67,normal
2026-01-10 23:00:00,HT-02,191.48,2853.38,0.33,33.63,normal
2026-01-11 00:00:00,HT-02,194.4,2890.63,0.48,26.88,normal
2026-01-11 01:00:00,HT-02,186.9,3102.69,0.47,27.85,normal
2026-01-11 02:00:00,HT-02,183.28,2807.85,0.56,18.57,normal
2026-01-11 03:00:00,HT-02,199.71,3112.9,0.51,21.71,normal
2026-01-11 04:00:00,HT-02,190.08,2994.49,0.21,29.95,normal
2026-01-11 05:00:00,HT-02,192.72,2880.76,0.37,26.15,normal
2026-01-11 06:00:00,HT-02,188.07,2941.69,0.46,17.34,normal
2026-01-11 07:00:00,HT-02,187.95,2898.28,0.43,29.15,normal
2026-01-11 08:00:00,HT-02,194.13,3086.62,0.5,22.82,normal
2026-01-11 09:00:00,HT-02,191.35,3073.24,0.53,30.65,normal
2026-01-11 10:00:00,HT-02,196.89,2828.08,0.51,24.65,normal
2026-01-11 11:00:00,HT-02,197.26,2959.64,0.43,25.82,normal
2026-01-11 12:00:00,HT-02,196.6,2913.68,0.27,29.72,normal
2026-01-11 13:00:00,HT-02,196.19,3129.35,0.4,21.41,normal
2026-01-11 14:00:00,HT-02,202.89,2864.99,0.49,21.03,normal
2026-01-11 15:00:00,HT-02,189.66,3160.42,0.34,24.21,normal
2026-01-11 16:00:00,HT-02,194.73,2996.67,0.51,28.31,normal
2026-01-11 17:00:00,HT-02,200.66,2883.81,0.54,19.68,normal
2026-01-11 18:00:00,HT-02,201.32,2932.27,0.46,18.33,normal
2026-01-11 19:00:00,HT-02,187.89,2919.84,0.14,28.29,normal
2026-01-11 20:00:00,HT-02,193.44,2622.54,0.62,22.59,critical
2026-01-11 21:00:00,HT-02,201.79,2732.56,0.98,23.43,critical
2026-01-11 22:00:00,HT-02,197.54,2573.36,0.79,17.57,critical
2026-01-11 23:00:00,HT-02,195.98,2451.19,0.69,22.28,critical
2026-01-12 00:00:00,HT-02,193.91,2604.34,1.06,24.97,critical
2026-01-12 01:00:00,HT-02,193.08,2435.1,0.98,28.72,critical
2026-01-12 02:00:00,HT-02,196.44,2513.25,1.14,21.92,critical
2026-01-12 03:00:00,HT-02,193.74,2470.63,1.1,31.63,critical
2026-01-12 04:00:00,HT-02,194.79,2447.49,1.17,22.26,critical
2026-01-12 05:00:00,HT-02,195.39,2707.79,1.2,22.27,critical
2026-01-12 06:00:00,HT-02,191.61,2486.41,1.28,31.15,critical
2026-01-12 07:00:00,HT-02,197.66,2478.38,1.49,25.85,critical
2026-01-12 08:00:00,HT-02,209.57,2249.28,1.4,22.79,critical
2026-01-12 09:00:00,HT-02,186.12,2334.6,1.19,24.38,critical
2026-01-12 10:00:00,HT-02,196.62,3021.53,0.49,30.41,normal
2026-01-12 11:00:00,HT-02,191.2,2897.55,0.56,30.86,normal
2026-01-12 12:00:00,HT-02,197.89,3090.81,0.57,21.73,normal
2026-01-12 13:00:00,HT-02,195.23,2879.73,0.41,24.83,normal
2026-01-12 14:00:00,HT-02,198.81,2971.36,0.57,25.36,normal
2026-01-12 15:00:00,HT-02,200.88,2941.39,0.54,21.06,normal
2026-01-12 16:00:00,HT-02,195.96,3016.43,0.71,24.78,normal
2026-01-12 17:00:00,HT-02,200.66,2935.95,0.37,25.02,normal
2026-01-12 18:00:00,HT-02,183.28,2972.91,0.4,29.56,normal
2026-01-12 19:00:00,HT-02,202.95,2976.39,0.42,29.83,normal
2026-01-12 20:00:00,HT-02,196.88,2926.56,0.4,23.68,normal
2026-01-12 21:00:00,HT-02,200.39,3048.51,0.36,24.14,normal
2026-01-12 22:00:00,HT-02,188.9,3023.84,0.17,27.66,normal
2026-01-12 23:00:00,HT-02,190.85,2991.14,0.41,22.66,normal
2026-01-13 00:00:00,HT-02,195.73,2956.95,0.49,27.35,normal
2026-01-13 01:00:00,HT-02,194.91,3079.65,0.4,24.65,normal
2026-01-13 02:00:00,HT-02,196.42,2976.42,0.64,21.12,normal
2026-01-13 03:00:00,HT-02,200.42,2969.33,0.45,21.17,normal
2026-01-13 04:00:00,HT-02,186.17,3010.47,0.58,30.79,normal
2026-01-13 05:00:00,HT-02,199.87,3169.66,0.48,24.37,normal
2026-01-13 06:00:00,HT-02,195.04,2865.96,0.53,31.56,normal
2026-01-13 07:00:00,HT-02,193.98,3076.99,0.48,22.95,normal
2026-01-13 08:00:00,HT-02,187.64,2810.68,0.59,26.16,normal
2026-01-13 09:00:00,HT-02,197.52,3021.73,0.46,34.57,normal
2026-01-13 10:00:00,HT-02,182.93,3157.51,0.5,20.77,normal
2026-01-13 11:00:00,HT-02,198.24,3048.87,0.49,17.41,normal
2026-01-13 12:00:00,HT-02,187.54,3017.06,0.42,30.15,normal
2026-01-13 13:00:00,HT-02,195.27,2943.96,0.49,21.69,normal
2026-01-13 14:00:00,HT-02,194.4,3003.1,0.67,24.92,normal
2026-01-13 15:00:00,HT-02,200.85,2974.79,0.42,22.66,normal
2026-01-13 16:00:00,HT-02,194.11,2921.4,0.49,26.07,normal
2026-01-13 17:00:00,HT-02,191.53,2971.01,0.58,21.2,normal
2026-01-13 18:00:00,HT-02,192.47,3019.84,0.56,24.28,normal
2026-01-13 19:00:00,HT-02,201.36,2923.28,0.45,26.8,normal
2026-01-13 20:00:00,HT-02,197.68,2919.37,0.21,20.97,normal
2026-01-13 21:00:00,HT-02,193.07,2863.98,0.5,22.2,normal
2026-01-13 22:00:00,HT-02,193.82,3039.07,0.23,23.61,normal
2026-01-13 23:00:00,HT-02,187.16,3054.53,0.6,19.28,normal
2026-01-14 00:00:00,HT-02,196.94,3023.17,0.47,23.31,normal
2026-01-14 01:00:00,HT-02,186.2,3096.52,0.55,25.48,normal
2026-01-14 02:00:00,HT-02,198.76,3008.79,0.36,23.4,normal
2026-01-14 03:00:00,HT-02,195.64,3039.2,0.29,23.91,normal
2026-01-14 04:00:00,HT-02,206.93,3030.38,0.48,24.92,normal
2026-01-14 05:00:00,HT-02,189.5,2990.85,0.45,22.38,normal
2026-01-14 06:00:00,HT-02,194.49,2946.92,0.4,27.76,normal
2026-01-14 07:00:00,HT-02,203.99,3221.42,0.46,30.74,normal
2026-01-14 08:00:00,HT-02,200.96,2954.8,0.73,23.14,normal
2026-01-14 09:00:00,HT-02,191.52,2933.41,0.53,26.94,normal
2026-01-14 10:00:00,HT-02,196.12,3043.4,0.55,24.04,normal
2026-01-14 11:00:00,HT-02,195.01,3025.19,0.53,26.46,normal
2026-01-14 12:00:00,HT-02,196.41,2859.52,0.6,31.26,normal
2026-01-14 13:00:00,HT-02,191.51,3112.27,0.43,27.03,normal
2026-01-14 14:00:00,HT-02,194.55,2990.58,0.24,17.91,normal
2026-01-14 15:00:00,HT-02,187.01,2888.91,0.43,26.82,normal
2026-01-14 16:00:00,HT-02,195.68,3118.88,0.53,29.93,normal
2026-01-14 17:00:00,HT-02,197.25,3062.57,0.35,24.11,normal
2026-01-14 18:00:00,HT-02,193.86,2873.55,0.43,28.98,normal
2026-01-14 19:00:00,HT-02,186.92,3177.72,0.38,22.24,normal
2026-01-14 20:00:00,HT-02,199.94,3065.88,0.6,19.06,normal
2026-01-14 21:00:00,HT-02,196.82,2998.98,0.52,25.56,normal
2026-01-14 22:00:00,HT-02,191.37,3159.02,0.52,17.97,normal
2026-01-14 23:00:00,HT-02,193.6,3015.93,0.51,24.04,normal
2026-01-01 00:00:00,HT-03,201.43,2982.96,0.44,22.2,normal
2026-01-01 01:00:00,HT-03,185.45,3001.32,0.22,24.34,normal
2026-01-01 02:00:00,HT-03,188.6,3073.57,0.47,20.75,normal
2026-01-01 03:00:00,HT-03,189.84,2864.17,0.36,20.09,normal
2026-01-01 04:00:00,HT-03,194.68,2915.91,0.5,24.8,normal
2026-01-01 05:00:00,HT-03,193.17,3027.3,0.32,21.43,normal
2026-01-01 06:00:00,HT-03,202.0,2990.02,0.45,22.04,normal
2026-01-01 07:00:00,HT-03,199.77,3057.19,0.42,21.88,normal
2026-01-01 08:00:00,HT-03,197.48,2877.05,0.48,27.09,normal
2026-01-01 09:00:00,HT-03,195.73,3035.71,0.46,24.07,normal
2026-01-01 10:00:00,HT-03,196.97,3109.16,0.42,24.29,normal
2026-01-01 11:00:00,HT-03,190.69,3048.68,0.3,27.39,normal
2026-01-01 12:00:00,HT-03,199.29,3013.91,0.3,24.43,normal
2026-01-01 13:00:00,HT-03,189.44,2990.41,0.39,23.89,normal
2026-01-01 14:00:00,HT-03,199.18,2916.51,0.45,26.88,normal
2026-01-01 15:00:00,HT-03,200.93,2992.8,0.39,27.67,normal
2026-01-01 16:00:00,HT-03,196.05,3125.97,0.51,24.41,normal
2026-01-01 17:00:00,HT-03,194.12,2988.1,0.42,25.32,normal
2026-01-01 18:00:00,HT-03,197.0,2911.02,0.35,21.87,normal
2026-01-01 19:00:00,HT-03,180.69,2950.78,0.42,21.56,normal
2026-01-01 20:00:00,HT-03,196.51,3020.09,0.47,28.08,normal
2026-01-01 21:00:00,HT-03,194.43,2962.65,0.48,26.78,normal
2026-01-01 22:00:00,HT-03,194.75,3048.53,0.64,26.82,normal
2026-01-01 23:00:00,HT-03,198.53,3052.28,0.38,26.12,normal
2026-01-02 00:00:00,HT-03,194.63,3088.9,0.44,25.18,normal
2026-01-02 01:00:00,HT-03,189.3,3142.36,0.49,27.79,normal
2026-01-02 02:00:00,HT-03,194.29,3099.59,0.45,28.74,normal
2026-01-02 03:00:00,HT-03,195.34,2906.58,0.4,28.64,normal
2026-01-02 04:00:00,HT-03,195.57,2909.65,0.3,24.6,normal
2026-01-02 05:00:00,HT-03,195.81,2992.42,0.4,30.55,normal
2026-01-02 06:00:00,HT-03,200.2,2954.88,0.34,25.91,normal
2026-01-02 07:00:00,HT-03,189.57,2886.17,0.28,27.53,normal
2026-01-02 08:00:00,HT-03,195.88,2955.83,0.37,26.13,normal
2026-01-02 09:00:00,HT-03,201.45,2952.55,0.35,25.99,normal
2026-01-02 10:00:00,HT-03,186.33,2932.82,0.51,22.06,normal
2026-01-02 11:00:00,HT-03,195.9,2968.42,0.51,27.81,normal
2026-01-02 12:00:00,HT-03,192.07,3117.85,0.36,36.38,normal
2026-01-02 13:00:00,HT-03,193.15,3019.92,0.42,23.5,normal
2026-01-02 14:00:00,HT-03,190.48,3247.18,0.26,25.28,normal
2026-01-02 15:00:00,HT-03,194.15,3017.05,0.4,23.22,normal
2026-01-02 16:00:00,HT-03,204.21,2970.99,0.49,23.05,normal
2026-01-02 17:00:00,HT-03,188.68,3000.41,0.53,31.18,normal
2026-01-02 18:00:00,HT-03,189.15,3025.65,0.38,22.31,normal
2026-01-02 19:00:00,HT-03,188.49,3043.53,0.56,23.1,normal
2026-01-02 20:00:00,HT-03,203.64,3207.67,0.3,18.65,normal
2026-01-02 21:00:00,HT-03,192.69,2915.47,0.33,21.97,normal
2026-01-02 22:00:00,HT-03,194.87,3085.9,0.52,18.17,normal
2026-01-02 23:00:00,HT-03,192.99,3020.78,0.62,27.53,normal
2026-01-03 00:00:00,HT-03,190.28,2842.89,0.5,36.2,normal
2026-01-03 01:00:00,HT-03,193.82,3077.07,0.45,23.53,normal
2026-01-03 02:00:00,HT-03,207.29,3126.76,0.23,18.33,normal
2026-01-03 03:00:00,HT-03,201.96,2914.28,0.25,28.6,normal
2026-01-03 04:00:00,HT-03,190.74,2999.11,0.46,22.09,normal
2026-01-03 05:00:00,HT-03,198.24,2827.46,0.41,30.2,normal
2026-01-03 06:00:00,HT-03,190.84,2874.12,0.34,23.87,normal
2026-01-03 07:00:00,HT-03,186.12,3104.8,0.46,22.47,normal
2026-01-03 08:00:00,HT-03,200.1,2953.36,0.46,24.29,normal
2026-01-03 09:00:00,HT-03,200.8,2889.12,0.54,28.03,normal
2026-01-03 10:00:00,HT-03,200.23,3022.95,0.46,24.09,normal
2026-01-03 11:00:00,HT-03,192.65,2947.76,0.57,23.01,normal
2026-01-03 12:00:00,HT-03,194.17,2952.92,0.45,24.2,normal
2026-01-03 13:00:00,HT-03,198.75,3073.93,0.44,19.91,normal
2026-01-03 14:00:00,HT-03,196.96,2883.83,0.56,26.59,normal
2026-01-03 15:00:00,HT-03,193.03,2909.46,0.35,17.85,normal
2026-01-03 16:00:00,HT-03,186.9,3015.41,0.73,23.22,normal
2026-01-03 17:00:00,HT-03,195.57,3096.94,0.49,28.04,normal
2026-01-03 18:00:00,HT-03,200.4,3123.82,0.49,26.21,normal
2026-01-03 19:00:00,HT-03,189.01,2933.49,0.5,27.36,normal
2026-01-03 20:00:00,HT-03,198.19,3093.74,0.64,24.74,normal
2026-01-03 21:00:00,HT-03,196.66,2921.59,0.53,29.68,normal
2026-01-03 22:00:00,HT-03,198.75,3182.62,0.29,28.7,normal
2026-01-03 23:00:00,HT-03,199.36,2886.62,0.59,26.78,normal
2026-01-04 00:00:00,HT-03,191.53,3132.85,0.42,28.71,normal
2026-01-04 01:00:00,HT-03,186.92,2934.35,0.46,28.0,normal
2026-01-04 02:00:00,HT-03,192.33,3201.32,0.32,23.24,normal
2026-01-04 03:00:00,HT-03,199.45,3059.13,0.5,19.62,normal
2026-01-04 04:00:00,HT-03,192.29,2898.4,0.38,26.68,normal
2026-01-04 05:00:00,HT-03,191.53,2947.78,0.46,27.18,normal
2026-01-04 06:00:00,HT-03,185.89,3078.12,0.42,29.36,normal
2026-01-04 07:00:00,HT-03,203.76,3105.26,0.64,21.25,normal
2026-01-04 08:00:00,HT-03,199.13,2992.93,0.65,21.37,normal
2026-01-04 09:00:00,HT-03,198.85,3004.47,0.45,26.84,normal
2026-01-04 10:00:00,HT-03,199.84,3075.84,0.46,24.72,normal
2026-01-04 11:00:00,HT-03,197.88,3013.18,0.41,17.46,normal
2026-01-04 12:00:00,HT-03,193.78,2870.65,0.56,26.5,normal
2026-01-04 13:00:00,HT-03,194.18,2918.7,0.42,17.59,normal
2026-01-04 14:00:00,HT-03,192.86,3023.51,0.41,21.22,normal
2026-01-04 15:00:00,HT-03,208.17,3121.55,0.55,30.41,normal
2026-01-04 16:00:00,HT-03,197.78,3161.6,0.4,32.3,normal
2026-01-04 17:00:00,HT-03,192.68,3077.95,0.45,20.14,normal
2026-01-04 18:00:00,HT-03,197.33,3028.73,0.29,23.68,normal
2026-01-04 19:00:00,HT-03,189.95,3074.88,0.52,25.17,normal
2026-01-04 20:00:00,HT-03,202.52,2933.32,0.64,32.12,normal
2026-01-04 21:00:00,HT-03,191.69,2984.68,0.52,23.03,normal
2026-01-04 22:00:00,HT-03,197.51,2917.59,0.6,23.09,normal
2026-01-04 23:00:00,HT-03,200.33,2875.13,0.37,31.19,normal
2026-01-05 00:00:00,HT-03,196.92,3033.35,0.47,23.5,normal
2026-01-05 01:00:00,HT-03,195.47,3018.55,0.36,27.89,normal
2026-01-05 02:00:00,HT-03,195.05,3068.77,0.43,19.09,normal
2026-01-05 03:00:00,HT-03,194.72,3054.61,0.53,24.32,normal
2026-01-05 04:00:00,HT-03,192.12,3024.26,0.46,18.36,normal
2026-01-05 05:00:00,HT-03,192.75,3055.66,0.31,20.78,normal
2026-01-05 06:00:00,HT-03,202.4,2995.73,0.32,28.36,normal
2026-01-05 07:00:00,HT-03,194.46,3041.29,0.31,24.8,normal
2026-01-05 08:00:00,HT-03,191.07,2927.39,0.5,23.72,normal
2026-01-05 09:00:00,HT-03,192.42,3036.97,0.66,22.01,normal
2026-01-05 10:00:00,HT-03,200.5,3066.84,0.59,24.12,normal
2026-01-05 11:00:00,HT-03,198.38,2933.03,0.26,26.2,normal
2026-01-05 12:00:00,HT-03,197.8,3005.18,0.59,28.93,normal
2026-01-05 13:00:00,HT-03,193.71,2937.64,0.54,14.5,normal
2026-01-05 14:00:00,HT-03,197.87,2947.35,0.3,21.67,normal
2026-01-05 15:00:00,HT-03,191.78,2887.51,0.42,25.64,normal
2026-01-05 16:00:00,HT-03,193.7,3126.58,0.56,24.6,normal
2026-01-05 17:00:00,HT-03,199.85,3106.57,0.51,26.61,normal
2026-01-05 18:00:00,HT-03,199.37,3053.74,0.32,26.07,normal
2026-01-05 19:00:00,HT-03,190.09,3197.22,0.51,23.78,normal
2026-01-05 20:00:00,HT-03,190.72,2981.08,0.24,22.89,normal
2026-01-05 21:00:00,HT-03,195.54,3303.18,0.43,24.02,normal
2026-01-05 22:00:00,HT-03,203.63,2977.25,0.56,29.59,normal
2026-01-05 23:00:00,HT-03,185.42,3025.52,0.45,22.07,normal
2026-01-06 00:00:00,HT-03,196.39,2960.22,0.4,24.75,normal
2026-01-06 01:00:00,HT-03,188.12,3037.23,0.54,25.73,normal
2026-01-06 02:00:00,HT-03,191.83,3083.56,0.55,31.24,normal
2026-01-06 03:00:00,HT-03,193.18,2988.61,0.58,23.8,normal
2026-01-06 04:00:00,HT-03,192.9,3177.67,0.54,28.84,normal
2026-01-06 05:00:00,HT-03,192.33,3023.91,0.56,29.93,normal
2026-01-06 06:00:00,HT-03,195.04,3027.05,0.52,24.74,normal
2026-01-06 07:00:00,HT-03,192.32,2909.1,0.48,24.16,normal
2026-01-06 08:00:00,HT-03,187.69,3041.85,0.46,23.68,normal
2026-01-06 09:00:00,HT-03,198.9,2986.6,0.43,23.98,normal
2026-01-06 10:00:00,HT-03,198.76,2939.18,0.33,28.42,normal
2026-01-06 11:00:00,HT-03,199.22,2922.35,0.35,25.92,normal
2026-01-06 12:00:00,HT-03,187.3,3267.18,0.42,25.94,normal
2026-01-06 13:00:00,HT-03,196.49,2973.65,0.47,20.5,normal
2026-01-06 14:00:00,HT-03,198.38,2854.3,0.59,21.13,normal
2026-01-06 15:00:00,HT-03,189.84,2930.18,0.45,33.57,normal
2026-01-06 16:00:00,HT-03,195.05,2994.84,0.55,24.29,normal
2026-01-06 17:00:00,HT-03,194.42,3054.67,0.56,21.9,normal
2026-01-06 18:00:00,HT-03,204.21,3055.48,0.43,30.72,normal
2026-01-06 19:00:00,HT-03,204.62,3067.66,0.51,26.13,normal
2026-01-06 20:00:00,HT-03,186.68,2935.51,0.43,27.31,normal
2026-01-06 21:00:00,HT-03,207.47,3034.04,0.58,24.45,normal
2026-01-06 22:00:00,HT-03,190.42,2912.39,0.51,23.73,normal
2026-01-06 23:00:00,HT-03,199.9,2938.04,0.33,24.32,normal
2026-01-07 00:00:00,HT-03,199.85,2908.23,0.47,19.47,normal
2026-01-07 01:00:00,HT-03,190.02,2881.16,0.61,24.65,normal
2026-01-07 02:00:00,HT-03,197.47,3106.42,0.43,26.18,normal
2026-01-07 03:00:00,HT-03,194.46,3068.86,0.49,32.4,normal
2026-01-07 04:00:00,HT-03,197.77,3097.67,0.5,25.34,normal
2026-01-07 05:00:00,HT-03,196.15,3003.93,0.35,15.66,normal
2026-01-07 06:00:00,HT-03,200.98,3077.68,1.0,23.62,warning
2026-01-07 07:00:00,HT-03,195.38,2823.87,0.89,34.4,warning
2026-01-07 08:00:00,HT-03,194.16,3086.31,1.04,26.35,warning
2026-01-07 09:00:00,HT-03,200.48,3017.71,1.29,19.09,warning
2026-01-07 10:00:00,HT-03,197.9,3062.71,1.3,24.14,warning
2026-01-07 11:00:00,HT-03,198.66,3038.0,1.31,18.25,warning
2026-01-07 12:00:00,HT-03,191.68,2901.29,1.46,15.25,warning
2026-01-07 13:00:00,HT-03,189.77,2850.2,1.49,18.72,warning
2026-01-07 14:00:00,HT-03,192.16,2928.79,1.57,19.92,warning
2026-01-07 15:00:00,HT-03,191.9,3056.49,1.72,11.51,warning
2026-01-07 16:00:00,HT-03,198.93,3069.01,0.38,20.4,normal
2026-01-07 17:00:00,HT-03,199.88,2863.21,0.45,25.04,normal
2026-01-07 18:00:00,HT-03,194.22,2901.89,0.42,23.37,normal
2026-01-07 19:00:00,HT-03,202.15,2927.68,0.29,26.58,normal
2026-01-07 20:00:00,HT-03,201.84,2964.27,0.36,20.14,normal
2026-01-07 21:00:00,HT-03,196.22,2863.79,0.61,27.86,normal
2026-01-07 22:00:00,HT-03,190.89,2857.79,0.49,20.26,normal
2026-01-07 23:00:00,HT-03,202.88,2917.82,0.32,31.57,normal
2026-01-08 00:00:00,HT-03,194.69,3008.63,0.3,18.14,normal
2026-01-08 01:00:00,HT-03,195.63,2881.94,0.44,20.63,normal
2026-01-08 02:00:00,HT-03,193.3,2988.42,0.61,26.67,normal
2026-01-08 03:00:00,HT-03,190.55,3105.86,0.43,31.66,normal
2026-01-08 04:00:00,HT-03,187.66,2869.82,0.58,26.26,normal
2026-01-08 05:00:00,HT-03,198.16,2979.36,0.49,27.25,normal
2026-01-08 06:00:00,HT-03,191.08,3102.48,0.5,25.07,normal
2026-01-08 07:00:00,HT-03,210.3,2958.17,0.32,20.89,normal
2026-01-08 08:00:00,HT-03,189.57,2942.63,0.54,23.04,normal
2026-01-08 09:00:00,HT-03,188.71,3116.35,0.42,20.15,normal
2026-01-08 10:00:00,HT-03,197.55,2969.38,0.54,19.89,normal
2026-01-08 11:00:00,HT-03,202.65,3110.45,0.37,26.61,normal
2026-01-08 12:00:00,HT-03,195.32,3042.9,0.47,20.51,normal
2026-01-08 13:00:00,HT-03,197.86,2965.72,0.49,26.28,normal
2026-01-08 14:00:00,HT-03,185.78,3047.97,0.43,19.79,normal
2026-01-08 15:00:00,HT-03,191.61,3032.04,0.49,26.19,normal
2026-01-08 16:00:00,HT-03,189.63,3102.09,0.42,23.05,normal
2026-01-08 17:00:00,HT-03,185.52,2945.17,0.39,30.63,normal
2026-01-08 18:00:00,HT-03,195.58,3004.12,0.61,26.29,normal
2026-01-08 19:00:00,HT-03,183.79,2993.85,0.55,29.94,normal
2026-01-08 20:00:00,HT-03,188.39,3070.41,0.37,21.98,normal
2026-01-08 21:00:00,HT-03,192.31,2897.48,0.51,25.22,normal
2026-01-08 22:00:00,HT-03,190.84,3101.7,0.38,21.08,normal
2026-01-08 23:00:00,HT-03,196.98,3046.63,0.33,23.35,normal
2026-01-09 00:00:00,HT-03,196.53,2868.31,0.55,23.95,normal
2026-01-09 01:00:00,HT-03,199.47,3120.83,0.28,22.1,normal
2026-01-09 02:00:00,HT-03,198.76,3223.41,0.54,20.14,normal
2026-01-09 03:00:00,HT-03,200.7,3100.18,0.42,19.35,normal
2026-01-09 04:00:00,HT-03,194.99,3142.7,0.43,15.64,normal
2026-01-09 05:00:00,HT-03,196.52,3008.54,0.49,20.77,normal
2026-01-09 06:00:00,HT-03,197.56,2833.85,0.51,27.51,normal
2026-01-09 07:00:00,HT-03,195.71,2815.59,0.37,18.61,normal
2026-01-09 08:00:00,HT-03,193.01,3025.51,0.52,19.53,normal
2026-01-09 09:00:00,HT-03,193.34,2940.8,0.46,32.16,normal
2026-01-09 10:00:00,HT-03,190.91,2908.54,0.32,22.45,normal
2026-01-09 11:00:00,HT-03,197.11,2993.73,0.43,26.28,normal
2026-01-09 12:00:00,HT-03,194.53,3061.56,0.59,27.57,normal
2026-01-09 13:00:00,HT-03,191.68,2854.72,0.62,27.65,normal
2026-01-09 14:00:00,HT-03,191.69,2955.11,0.52,18.91,normal
2026-01-09 15:00:00,HT-03,188.95,3150.99,0.33,24.08,normal
2026-01-09 16:00:00,HT-03,199.89,2892.47,0.5,18.53,normal
2026-01-09 17:00:00,HT-03,195.39,3086.98,0.54,34.79,normal
2026-01-09 18:00:00,HT-03,190.69,2951.53,0.52,18.62,normal
2026-01-09 19:00:00,HT-03,199.04,3054.58,0.53,20.81,normal
2026-01-09 20:00:00,HT-03,192.2,3109.73,0.49,20.84,normal
2026-01-09 21:00:00,HT-03,187.97,3074.13,0.44,19.01,normal
2026-01-09 22:00:00,HT-03,200.11,3090.92,0.39,30.41,normal
2026-01-09 23:00:00,HT-03,192.31,2884.84,0.26,34.69,normal
2026-01-10 00:00:00,HT-03,192.96,3111.37,0.48,23.1,normal
2026-01-10 01:00:00,HT-03,195.21,2914.73,0.47,19.72,normal
2026-01-10 02:00:00,HT-03,200.71,3025.95,0.51,16.05,normal
2026-01-10 03:00:00,HT-03,195.1,3025.82,0.32,24.02,normal
2026-01-10 04:00:00,HT-03,189.0,3048.51,0.51,23.73,normal
2026-01-10 05:00:00,HT-03,197.72,3033.7,0.66,22.39,normal
2026-01-10 06:00:00,HT-03,192.58,2915.62,0.46,25.89,normal
2026-01-10 07:00:00,HT-03,204.44,2865.01,0.44,26.58,normal
2026-01-10 08:00:00,HT-03,194.99,3087.23,0.48,26.29,normal
2026-01-10 09:00:00,HT-03,183.82,3018.58,0.65,23.74,normal
2026-01-10 10:00:00,HT-03,196.79,3114.94,0.35,20.59,normal
2026-01-10 11:00:00,HT-03,204.72,2995.53,0.47,27.66,normal
2026-01-10 12:00:00,HT-03,202.88,2859.48,0.37,25.05,normal
2026-01-10 13:00:00,HT-03,204.15,3096.61,0.4,28.55,normal
2026-01-10 14:00:00,HT-03,189.9,2962.96,0.45,28.16,normal
2026-01-10 15:00:00,HT-03,199.56,3034.2,0.58,19.31,normal
2026-01-10 16:00:00,HT-03,191.39,2935.25,0.63,19.26,normal
2026-01-10 17:00:00,HT-03,196.12,3164.43,0.49,21.98,normal
2026-01-10 18:00:00,HT-03,188.64,2912.34,0.41,20.77,normal
2026-01-10 19:00:00,HT-03,191.78,2966.26,0.7,28.02,normal
2026-01-10 20:00:00,HT-03,191.62,3010.74,0.41,26.41,normal
2026-01-10 21:00:00,HT-03,199.49,2890.78,0.39,29.4,normal
2026-01-10 22:00:00,HT-03,199.0,3033.05,0.27,26.59,normal
2026-01-10 23:00:00,HT-03,196.38,3161.19,0.59,25.83,normal
2026-01-11 00:00:00,HT-03,188.25,2950.95,0.55,29.8,normal
2026-01-11 01:00:00,HT-03,193.44,3039.51,0.69,26.88,normal
2026-01-11 02:00:00,HT-03,191.27,2725.06,0.31,25.27,normal
2026-01-11 03:00:00,HT-03,199.35,2996.11,0.6,30.92,normal
2026-01-11 04:00:00,HT-03,200.89,2968.7,0.46,25.46,normal
2026-01-11 05:00:00,HT-03,200.28,2918.15,0.53,23.78,normal
2026-01-11 06:00:00,HT-03,191.22,3108.15,0.29,21.65,normal
2026-01-11 07:00:00,HT-03,181.3,2967.38,0.6,27.81,normal
2026-01-11 08:00:00,HT-03,186.17,2982.25,0.53,29.95,normal
2026-01-11 09:00:00,HT-03,202.11,2962.28,0.45,24.8,normal
2026-01-11 10:00:00,HT-03,192.99,2808.32,0.51,30.23,normal
2026-01-11 11:00:00,HT-03,191.25,2886.8,0.37,17.12,normal
2026-01-11 12:00:00,HT-03,203.21,3096.11,0.39,24.78,normal
2026-01-11 13:00:00,HT-03,201.33,2789.0,0.4,24.84,normal
2026-01-11 14:00:00,HT-03,195.12,2923.37,0.26,22.09,normal
2026-01-11 15:00:00,HT-03,193.53,2960.03,0.54,34.54,normal
2026-01-11 16:00:00,HT-03,194.34,3174.36,0.57,24.74,normal
2026-01-11 17:00:00,HT-03,196.14,3076.86,0.38,23.37,normal
2026-01-11 18:00:00,HT-03,203.0,2944.28,0.48,25.1,normal
2026-01-11 19:00:00,HT-03,197.11,3130.45,0.42,16.99,normal
2026-01-11 20:00:00,HT-03,198.63,2925.95,0.48,21.96,normal
2026-01-11 21:00:00,HT-03,200.85,3100.91,0.39,28.93,normal
2026-01-11 22:00:00,HT-03,189.15,2864.11,0.36,22.48,normal
2026-01-11 23:00:00,HT-03,198.77,3107.33,0.56,21.68,normal
2026-01-12 00:00:00,HT-03,193.53,2959.39,0.44,30.24,normal
2026-01-12 01:00:00,HT-03,182.42,2897.15,0.65,30.36,normal
2026-01-12 02:00:00,HT-03,184.36,2978.29,0.45,27.07,normal
2026-01-12 03:00:00,HT-03,189.91,3027.73,0.36,23.18,normal
2026-01-12 04:00:00,HT-03,197.66,2950.53,0.57,24.04,normal
2026-01-12 05:00:00,HT-03,195.57,3055.4,0.51,21.78,normal
2026-01-12 06:00:00,HT-03,195.92,2941.7,0.52,21.02,normal
2026-01-12 07:00:00,HT-03,204.75,3062.04,0.57,20.82,normal
2026-01-12 08:00:00,HT-03,188.65,3044.22,0.38,22.53,normal
2026-01-12 09:00:00,HT-03,194.86,2993.91,0.44,20.86,normal
2026-01-12 10:00:00,HT-03,196.52,2955.86,0.43,18.75,normal
2026-01-12 11:00:00,HT-03,191.32,3015.15,0.32,25.88,normal
2026-01-12 12:00:00,HT-03,195.14,3055.03,0.42,25.94,normal
2026-01-12 13:00:00,HT-03,187.0,3206.18,0.58,31.8,normal
2026-01-12 14:00:00,HT-03,202.05,3093.94,0.47,22.33,normal
2026-01-12 15:00:00,HT-03,191.59,3097.6,0.32,26.18,normal
2026-01-12 16:00:00,HT-03,205.16,3308.85,0.29,26.25,normal
2026-01-12 17:00:00,HT-03,194.84,3051.6,0.62,23.98,normal
2026-01-12 18:00:00,HT-03,200.14,3048.46,0.44,27.98,normal
2026-01-12 19:00:00,HT-03,194.73,3070.4,0.39,28.1,normal
2026-01-12 20:00:00,HT-03,194.85,2899.1,0.42,26.31,normal
2026-01-12 21:00:00,HT-03,192.08,2955.61,0.3,23.98,normal
2026-01-12 22:00:00,HT-03,195.6,2949.38,0.59,23.57,normal
2026-01-12 23:00:00,HT-03,196.59,3064.76,0.41,19.53,normal
2026-01-13 00:00:00,HT-03,191.08,2982.58,0.59,21.78,normal
2026-01-13 01:00:00,HT-03,194.37,3013.82,0.46,22.51,normal
2026-01-13 02:00:00,HT-03,191.95,3108.75,0.59,20.5,normal
2026-01-13 03:00:00,HT-03,206.5,3086.32,0.48,26.76,normal
2026-01-13 04:00:00,HT-03,194.55,2983.83,0.54,29.79,normal
2026-01-13 05:00:00,HT-03,202.73,2933.0,0.52,21.37,normal
2026-01-13 06:00:00,HT-03,194.02,3113.53,0.51,26.13,normal
2026-01-13 07:00:00,HT-03,196.3,3077.39,0.48,20.86,normal
2026-01-13 08:00:00,HT-03,188.39,2839.37,0.43,23.78,normal
2026-01-13 09:00:00,HT-03,192.76,2968.68,0.64,22.24,normal
2026-01-13 10:00:00,HT-03,196.05,3016.55,0.36,27.41,normal
2026-01-13 11:00:00,HT-03,202.93,3077.88,0.45,22.28,normal
2026-01-13 12:00:00,HT-03,196.11,3091.01,0.45,29.05,normal
2026-01-13 13:00:00,HT-03,201.92,3028.39,0.49,24.02,normal
2026-01-13 14:00:00,HT-03,198.2,3058.52,0.41,22.4,normal
2026-01-13 15:00:00,HT-03,203.14,3006.41,0.48,19.99,normal
2026-01-13 16:00:00,HT-03,194.7,2932.61,0.43,26.01,normal
2026-01-13 17:00:00,HT-03,206.95,2973.87,0.29,28.58,normal
2026-01-13 18:00:00,HT-03,192.57,3001.9,0.45,26.09,normal
2026-01-13 19:00:00,HT-03,191.17,2996.53,0.34,33.96,normal
2026-01-13 20:00:00,HT-03,188.95,2811.44,0.28,30.72,normal
2026-01-13 21:00:00,HT-03,206.66,2960.25,0.46,23.77,normal
2026-01-13 22:00:00,HT-03,199.1,3005.62,0.5,23.73,normal
2026-01-13 23:00:00,HT-03,193.33,2971.86,0.5,26.88,normal
2026-01-14 00:00:00,HT-03,201.25,2975.32,0.51,21.65,normal
2026-01-14 01:00:00,HT-03,198.44,3048.8,0.26,29.67,normal
2026-01-14 02:00:00,HT-03,204.83,2892.1,0.31,26.45,normal
2026-01-14 03:00:00,HT-03,187.26,2837.2,0.65,26.03,normal
2026-01-14 04:00:00,HT-03,193.67,2965.18,0.35,27.75,normal
2026-01-14 05:00:00,HT-03,192.69,3076.41,0.51,31.89,normal
2026-01-14 06:00:00,HT-03,185.13,3168.76,0.38,25.68,normal
2026-01-14 07:00:00,HT-03,200.3,3078.21,0.46,24.55,normal
2026-01-14 08:00:00,HT-03,193.65,2853.17,0.39,31.03,normal
2026-01-14 09:00:00,HT-03,198.7,2976.76,0.51,28.87,normal
2026-01-14 10:00:00,HT-03,206.8,3025.66,0.46,23.72,normal
2026-01-14 11:00:00,HT-03,193.23,3017.76,0.41,25.02,normal
2026-01-14 12:00:00,HT-03,192.89,3053.93,0.34,25.78,normal
2026-01-14 13:00:00,HT-03,195.59,2908.3,0.48,26.45,normal
2026-01-14 14:00:00,HT-03,199.94,3006.49,0.33,19.57,normal
2026-01-14 15:00:00,HT-03,192.17,3042.03,0.49,18.83,normal
2026-01-14 16:00:00,HT-03,191.85,3082.57,0.71,21.45,normal
2026-01-14 17:00:00,HT-03,200.29,2919.43,0.59,21.14,normal
2026-01-14 18:00:00,HT-03,196.89,2965.48,0.52,22.42,normal
2026-01-14 19:00:00,HT-03,184.78,2729.62,0.44,27.54,normal
2026-01-14 20:00:00,HT-03,188.87,2937.85,0.26,24.32,normal
2026-01-14 21:00:00,HT-03,202.51,2947.56,0.32,25.79,normal
2026-01-14 22:00:00,HT-03,197.01,2898.04,0.58,20.1,normal
2026-01-14 23:00:00,HT-03,191.19,3016.56,0.37,23.15,normal
